Question,Reference,Mistral_Responce,Mistral_Hallucination_Score,GPT_Responce,GPT_Hallucination_Score,difference
what is ACRS?,"5.5.6 Students in the B. Tech. programme have an option of completing their course work 
requirements by VII semester through the Accelerated Course Registration System 
(ACRS) and devote the VIII semester to do project work in academic institutions or R&D 
centres or industries in India or in premier institutions abroad.  ACRS is meant for high 
and consistent performers who maintain a minimum CGPA and SGPA of 7.5.  Students 
with history of F or E grades are not eligible 
 
5.5.7 Studentsâ€™ at the end of the V semester with the minimum CGPA of 7.5, may be permittedStudent ActivitiesASCIEEDakshKuruksastraPlasma CompendiumWadioBiotikosNCCNSSClubsED-CellIIChE Student ChapterASME Students ChapterIEEE SB SASTRAICT@S

Academic Flexibility





SASTRA is sensitive to the learning abilities of diverse students and provides adequate avenues to accommodate such diverse learning abilities.

The following opportunities are provided for advanced learners:

Accelerated CreditÂ Registration System (ACRS): Students with CGPA â‰¥ 7.5 can register for an open elective course each semester commencing from 4th semester onwards so that the finalsProject  12 
HR Skills  04 
 
2.3 Accelerated Course R egistration System:  
 
SASTRA University provides unique opportunity to students for completing the course 
work within even semesters, thereby enabling them to utilize eighth semester solely for 
project work. Students without any history of arrears can study  open elective courses that 
are offered after regular class hours (after 5 pm.) from semesters IV to semesters VII, 
thereby satisfying the credit requirement for core, department electives and open electives 
within seven semesters.Student ActivitiesASCIEEDakshKuruksastraPlasma CompendiumWadioBiotikosNCCNSSClubsED-CellIIChE Student ChapterASME Students ChapterIEEE SB SASTRAICT@S

Central Animal Facility





CENTRAL ANIMAL FACILITY

(Accredited by NABL for Biological Testing, Approval No. T-3331)

SASTRA houses a full-fledged (CPCSEA Registration No: 817/04/ac/CPCSEA) state-of- the-art Central Animal Facility (CAF) of 16,358 sq.ft. for the conduct of pre-clinical studies. The major objectives of the facility are to

Ã˜Â  conduct high quality animal research","ACRS stands for Accelerated Credit Registration System. It is a system at SASTRA University that allows high-performing students with a minimum CGPA and SGPA of 7.5 to complete their course work requirements by the seventh semester. This enables them to utilize the eighth semester solely for project work, which they can do in academic institutions, R&D centers, industries in India or premier institutions abroad. Additionally, students with a CGPA of 7.5 or higher can register for an open elective course each semester, starting from the fourth semester onwards.",0.94965494,ACRS stands for Accelerated Course Registration System and is offered to students in the B. Tech. programme who maintain a minimum CGPA and SGPA of 7.5. It allows students to complete their course work requirements by VII semester to focus on project work in the VIII semester. Students with a history of F or E grades are not eligible for ACRS.,0.99777645,0.048121508726654105
what are areas of interest of muthubalan?,"Click here







Dr. UMA .D
Sr. Asst. Professor
umavijayeee.sastra.edu







School School of Electrical and Electronics Engineering
Designation SAP
Department EEE
Educational QualificationsM.E(POWER ELECTRONICS & DRIVES)Registered Ph.D in SASTRA University
Areas of InterestFACTS,power Quality
ORCID URL

Click here







Dr. BALASUBRAMANIAN .G
Sr. Asst. Professor
Balu_eieeie.sastra.eduClick here







Dr. KANNAN BALASUBRAMANIAN
Professor
kannanbcse.sastra.edu







School School of Computing
Designation Professor
Department CSE
Educational QualificationsM.Sc. (Tech.) (Birla Institute of Technology and Science,Pilani),  M.Tech (Indian Institute of Technology, Bombay), Ph.D (University of California, Los Angeles)
Areas of InterestCOMPUTER NETWORKS,NETWORK SECURITY,CYBER SECURITY,MACHINE LEARNING
ORCID URL

Click here







Dr. MANJULA KR
Associate Professor
manjulacse.sastra.eduClick here







Dr. BHASKARAN S
Asst. Professor - II
bhaskaranmca.sastra.edu







School School of Computing
Designation AP - II
Department MCA
Educational QualificationsM.C.A., M.Phil(CS), M.Tech(IT), Ph.D
Areas of InterestSoft Computing, Artificial Intelligence, E-Learning
ORCID URL

Click here







Mr. VENKATA SUBRAMANIAN N
Asst. Professor - II
tyrvenkatmca.sastra.edu







School School of Computing
Designation AP - II
Department MCA
Educational QualificationsMCA, Ph.D (Pursuing)
Areas of InterestCloud Computing
ORCID URL

Click hereClick here







Dr. BALASUBRAMANIAN .R
Sr. Asst. Professor
rbalueee.sastra.edu







School School of Electrical and Electronics Engineering
Designation SAP
Department EEE
Educational QualificationsB.E(Electrical and Electronics Engineering)University of Madras,M.Tech (Control systems and instrumentation) SASTRA Deemed UniversityPhD (Power quality improvement) SASTRA Deemed University
Areas of InterestPower Quality improvement, Control systems, Power Electronics
ORCID URL

Click here







Dr. SRIRANJANI .R
Sr. Asst. Professor
mathusrieee.sastra.edu","The context provided does not include information about a person named Muthubalan. Therefore, I'm unable to answer the question about Muthubalan's areas of interest.",0.5203133,Areas of interest of Muthubalan include FACTS and power quality.,0.6980358,0.17772247661514284
what is the designation of john bosco?,"Faculty Key List
School of Electrical and Electronics Engineering









Dr. JOHN BOSCO BALAGURU .R
Dean Sponsored Research
rjboscoece.sastra.eduSchool School of Electrical and Electronics Engineering
Designation Associate Professor
Department PhysicsSchool School of Electrical and Electronics Engineering
Designation AP - Research
Department Physics
Educational QualificationsPost Doctoral ResearchS.N. Bose National Centre for Basic Sciences, Kolkatta India.Ph.D.(Physics)Bharathidasan University, Tiruchirappalli, Tamilnadu IndiaM.Sc.(Physics)Bharathidasan University, Tiruchirappalli, Tamilnadu IndiaB.Sc(Physics)St.John's College, Tirunelveli, India.
Areas of InterestMagnetization Switching DynamicsSpin Torque Nano-OscillatorsSpin Waves in Magnonic CrystalsDomain Wall Dynamics
ORCID URL

Click hereClick here







Dr. JOY CHRISTY A
Asst. Professor - II
joychristycse.sastra.edu







School School of Computing
Designation AP - II
Department CSE
Educational QualificationsPh.D.,
Areas of InterestData Mining, Software Metrics, Web Services, Big Data
ORCID URL

Click here







Dr. IFJAZ AHMED M
Asst. Professor - II
ifjazahmedit.sastra.edu







School School of Computing
Designation AP - II
Department IT
Educational QualificationsMCA., Ph.D., 
Areas of InterestDigital Image ProcessingSteganography
ORCID URL

Click here",Dr. John Bosco Balaguru R's designation is Associate Professor.,0.9960508,Associate Professor,0.99667585,0.0006250489608764509
what are the progams offered in B.Tech by sastra?,"What full-time programmes does SASTRA offer? 

	
	THANJAVUR CAMPUS

	B. Tech., (with various minor specializations), M. Tech. (5-Year integrated), M. Tech., M. Sc. (2-Year programmes in Biotechnology, Chemistry, Data Sciences, Bioinformatics & Physics), M.C.A., M.B.A., B. Com. (CA), B. Com. (BFSI), B.A./B.Com./B.B.A., LL.B, (Hons.), B.Sc./B.A., B.Ed. (4-year integrated programmes in English, Mathematics & Physics), M.Sc. (5-year integrated programmes in Biotechnology, Chemistry, Data Sciences & Physics), M. Optom. & B. Optom. courses are offered.

	KUMBAKONAM CAMPUSStudent ActivitiesASCIEEDakshKuruksastraPlasma CompendiumWadioBiotikosNCCNSSClubsED-CellIIChE Student ChapterASME Students ChapterIEEE SB SASTRAICT@S

Programmes





B.Tech. Aerospace Engineering

B.Tech. Bioengineering

B.Tech. Bioinformatics

B.Tech. Biotechnology

B.Tech. Chemical Engineering

B.Tech. Civil Engineering

B.Tech. Computer Science & Business Systems

B.Tech. Computer Science & Engineering

B.Tech. Computer Science & Engineering (Artificial Intelligence & Data Science)

B.Tech. Computer Science & Engineering (Cyber Security & Block Chain Technology)Is there any other method for admission to B.Tech. programmes?
	
	Admissions will be done by the Office of Admissions of SASTRA, either in Stream 1 or 2 basis. Â Do not fall prey to any unauthorized persons / agencies who claim proximity to SASTRA admissions office. Admissions are based only on merit and only tuition fees will have to be paid. No donations or capitation fee. Â Kindly bring it to the notice of the Office of Admissions if any unauthorized persons / agency approaches you promising admissions.UG Programmes

The SASTRA Chennai campus offers 4-Year Honours with an exit option at the end of the 3rdÂ year. The following are the programmes to be offered from the academic year 2024-25:

Bachelor of Arts Economics & Public Policy

Bachelor of Arts Journalism & Electronic Media

Bachelor of Arts Journalism & Visual Communications

Bachelor of Commerce (B.Com.) with Minor Specialisations in the area of Business Process, Financial Markets , Corporate Finance & Strategy, Economics & Public Policy","SASTRA offers the following B.Tech. programs at their Thanjavur and Kumbakonam campuses:

1. Aerospace Engineering
2. Bioengineering
3. Bioinformatics
4. Biotechnology
5. Chemical Engineering
6. Civil Engineering
7. Computer Science & Business Systems
8. Computer Science & Engineering
9. Computer Science & Engineering (Artificial Intelligence & Data Science)
10. Computer Science & Engineering (Cyber Security & Block Chain Technology)

Please note that the Kumbakonam campus offers the aforementioned B.Tech. programs. You can find these programs listed in the context you provided under the ""Programmes"" section for the Kumbakonam campus.",0.82726014,"The B.Tech. programs offered by SASTRA include Aerospace Engineering, Bioengineering, Bioinformatics, Biotechnology, Chemical Engineering, Civil Engineering, Computer Science & Business Systems, Computer Science & Engineering, Computer Science & Engineering with specializations in Artificial Intelligence & Data Science and Cyber Security & Block Chain Technology. Admissions to these programs are done by the Office of Admissions of SASTRA based on merit, with no donations or capitation fees required. The Chennai campus also offers 4-Year Honours programs with an exit option at the end of the 3rd year.",0.8280914,0.000831242980346647
what is the admission process to get seat in B.Tech in sastra?,"How are admissions done? 
	
	The Admissions to various B. Tech. and 5-Year Integrated M. Tech. programmes of SASTRA (Thanjavur & Kumbakonam) shall be done in the following way:

	Stream 1 â€“ JEE-Main Score & Class XII Score: Admission to 50% of seats shall be based on normalised aggregate Class XII Scores and available JEE Main (2024) scores taken together with 50% weightage each. Â Seats shall be filled based on the Ranks Secured by student.Is there any other method for admission to B.Tech. programmes?
	
	Admissions will be done by the Office of Admissions of SASTRA, either in Stream 1 or 2 basis. Â Do not fall prey to any unauthorized persons / agencies who claim proximity to SASTRA admissions office. Admissions are based only on merit and only tuition fees will have to be paid. No donations or capitation fee. Â Kindly bring it to the notice of the Office of Admissions if any unauthorized persons / agency approaches you promising admissions.What is the eligibility?
	
	B.Tech. (with minor specialization) / 5 Year Integrated M. Tech. Programme

	A pass in the +2 examination with Mathematics & Physics as compulsory subjects of study with either Chemistry / Biotechnology / Computer Science / Biology and recognized by any State Board / Central Board or any other Board accepted by SASTRA as equivalent to 10+2 examination, with a minimum +2 aggregate of 60% marks in a single sitting.2.1 Candidates for admission to the first semester of B.Tech. / M.Tech. (Integrated) degree 
programmes should have passed the final examination of +2 Higher Secondary Course 
in the academic stream (with Mathematics, Physics and Chemistry as subjects of study) 
or vocational stream (with Mathematics as one of the subjects of study) conducted by 
the Board of Secondary Education, Government of Tamil Nadu or an Examination of any 
other authority accepted by the Board of Management of SASTRA as equivalent thereto .","The admission to B.Tech. programs at SASTRA is done through the Office of Admissions of SASTRA, either in Stream 1 or 2. In Stream 1, 50% of the seats are filled based on the normalised aggregate Class XII scores and available JEE Main (2024) scores, with each having 50% weightage. The seats are filled based on the ranks secured by the students.

To be eligible for admission, a candidate should have passed the +2 examination with Mathematics & Physics as compulsory subjects and either Chemistry / Biotechnology / Computer Science / Biology with a minimum +2 aggregate of 60% marks in a single sitting. Additionally, candidates should have passed the final examination of +2 Higher Secondary Course in the academic stream with Mathematics, Physics and Chemistry as subjects of study or vocational stream with Mathematics as one of the subjects of study.",0.87422734,"To get admission to B.Tech. programs in SASTRA, you can apply through two streams - one based on JEE-Main Score & Class XII Score and the other through the Office of Admissions. Eligibility requires a pass in the +2 examination with Mathematics & Physics as compulsory subjects and a minimum aggregate of 60% marks. Admissions are based on merit only, and no donations or capitation fees are required.",0.91442144,0.04019409917083738
what are facilities available in sastra hostel?,"SASTRA has always believed in catering to the palate and providing wholesome and balanced nutrition in a hygienic environment. A completely balanced vegetarian diet is served in all hostels equipped with steam-cooking facilities. There is also North Indian Cuisine in addition to the South Indian culinary delights.

1GbpsÂ Wi-Fi is available to all the inmates of the hostels.

A well furnished guest house with adquate number of A/C and non-A/C rooms is available for visitors on prior request and subject to availability.

General InformationAbout the Guest House 
	
		Welcome to SASTRA Paradise Guest house. Situated diagonally opposite to our campus, this fully renovated Guest house is most comfortable with 28 rooms, 6 of those being NON- AC and rest fully air conditioned rooms. 
		The rooms are provided with necessary furniture to work and required modern amenities. 
		Smart TV is also provided with required Wi-Fi facilities.
		Hot and cold water in the bath rooms, comfortable and cozy beds with supporting furnishing makes the stay very pleasurable.Student ActivitiesASCIEEDakshKuruksastraPlasma CompendiumWadioBiotikosNCCNSSClubsED-CellIIChE Student ChapterASME Students ChapterIEEE SB SASTRAICT@S

Central Facilities





Major facilities established in the University are available for all students & faculty from SASTRA as well as from other institutions.Â  The following are Â partial list of equipment Â available on campus for research:

Field emission transmission electron microscope with energy dispersive spectrometer (FE-TEM)

Computer Numerically Controlled turning centres and machining centres (production capacity machines)Student ActivitiesASCIEEDakshKuruksastraPlasma CompendiumWadioBiotikosNCCNSSClubsED-CellIIChE Student ChapterASME Students ChapterIEEE SB SASTRAICT@S

Hostel





There are 9 boys' hostel and 6 girls' hostels providing accommodation to over 4000 boys and 2400 girls.

The hostels are of the following types:

1. Single Room / 2-in-1 / 4-in1 (Bath Attached).

2. Single Room / 2-in-1 / 3-in-1 / 4-in-1 / 5-in-1 / 6-in-1

The fees Structure is given below :

Click here","The facilities available in SASTRA hostels include:

* Steam-cooking facilities for providing balanced vegetarian meals
* Both South Indian and North Indian cuisine
* Wi-Fi with 1Gbps speed
* Single, 2-in-1, 3-in-1, 4-in-1, 5-in-1, and 6-in-1 room options
* Bath attached rooms are also available

Note that the hostels can accommodate over 4000 boys and 2400 girls.",0.98483676,"Sastra hostel provides a completely balanced vegetarian diet with steam-cooking facilities. There is also North Indian Cuisine available. The hostels have 1Gbps Wi-Fi, well-furnished guest rooms, and hot and cold water in the bathrooms.",0.9893441,0.004507360025634788
"what are the prices of single, double, 4 in 1 rooms in hostel?","Is hostel facility available?
	
	There are separate hostels for boys and girls in Thanjavur campus. Â First year students will be provided shared accommodation. Â The charges for food will be at actual based on dividing system and will approximately be around Rs 4,000 per month. Â You can assume that you will stay for 10 months in a calendar year.

	Single room, Two-in-one, Three- in-one and Four-in-one (with or w/o bath attached facilities) will be available from second year onwards.

	Hostel fees is available at Click hereStudent ActivitiesASCIEEDakshKuruksastraPlasma CompendiumWadioBiotikosNCCNSSClubsED-CellIIChE Student ChapterASME Students ChapterIEEE SB SASTRAICT@S

Hostel





There are 9 boys' hostel and 6 girls' hostels providing accommodation to over 4000 boys and 2400 girls.

The hostels are of the following types:

1. Single Room / 2-in-1 / 4-in1 (Bath Attached).

2. Single Room / 2-in-1 / 3-in-1 / 4-in-1 / 5-in-1 / 6-in-1

The fees Structure is given below :

Click hereHostel fees is available at Click here

	Private accommodation available in Kumbakonam & Chennai campuses.Tariff 
	
	
		
		Guest House
		
		CATEGORY
		ROOM RENT (Excluding Breakfast)
		REMARKS
		
		
		A/c
		1000 ( One person )
		For one extra person Rs.250 to be paid additionally
		
		
		Non-A/c
		700 ( One person )
		For one extra person Rs.250 to be paid additionally
		
		
	
		Â 
		NOTE:
		
		Room categories are subject to availability.
		The room rent is Exclusive of GST 12%.
		100% Payment to be made in advance. 
		Advance payment will not be refunded in case of cancellation.
		24 Hours check in / checkout.
		Room tariff subject to change without prior notice.","Based on the provided context, the hostel has different types of rooms available. Here are the prices for some of them:

* Single Room (without bath attached): This information is not provided in the context.
* 2-in-1 (also known as double room, with bath attached): The context does not provide specific pricing for this type of room, but it is included in the list of available options.
* 4-in-1 (with bath attached): The cost for this type of room is not explicitly provided in the context, but it is mentioned that the fees structure is available at a specific URL.

Additionally, the context provides information about other types of rooms, such as 3-in-1, 5-in-1, and 6-in-1, but it does not provide pricing details for those rooms.

Therefore, I cannot provide a direct answer to your question as the context does not provide specific pricing information for single, double, and 4-in-1 rooms. However, I have summarized the available information that might help you to get an idea about the room prices.",0.553227,"The prices of single, double, and 4-in-1 rooms in the hostel are not provided in the retrieved context.",0.02125593,-0.5319710691143275
How to calculate CGPA?,"9.5 Calculation of Cumulative Grade Point Average (CGPA)  
 
CGPA is calculated from SGPA of the current and previous semesters.  Hence, it is an 
indicator of the performance of a student over the period of study.  CGPA is calculated 
as follows: 
 
Let â€˜(SGPA) iâ€˜ be the SGPA of a student in ith semester, 
Let â€˜N iâ€™ be the number of credits taken by the student in ith semester, 
Let â€˜kâ€™ be the number of semesters that a student has undergone, 
 
ğ¶ğºğ‘ƒğ´= âˆ‘(ğ‘†ğºğ‘ƒğ´)à¯œğ‘à¯œà¯
à¯œà­€à¬µ
âˆ‘ğ‘à¯œà¯
à¯œà­€à¬µ=ğ‘†ğºğ‘ƒğ´à¬µğ‘à¬µ+ğ‘†ğºğ‘ƒğ´à¬¶ğ‘à¬¶+ â€¦â€¦â€¦.+ ğ‘†ğºğ‘ƒğ´à¯ğ‘à¯
ğ‘à¬µ+ â€¦â€¦â€¦.+ ğ‘à¯ 
 
10. CLASSIFICATION OF RESULT9.4 The average performance of a student in a particular semester is expressed as 
Semester Grade Point Average (SGPA). It is calculated for each semester as follows: 
 
Let `C iâ€™ be the credit assigned to the ith course,  
Let `P iâ€™ be the grade point secured in the ith course, 
Let `nâ€™ be the number of courses for which the student has registered for the 
examinations, 
 
ğ‘†ğºğ‘ƒğ´= âˆ‘ğ¶à¯œà¯¡
à¯œà­€à¬µğ‘ƒà¯œ
âˆ‘ğ¶à¯œà¯¡
à¯œà­€à¬µ=ğ¶à¬µğ‘ƒà¬µ+ğ¶à¬¶ğ‘ƒà¬¶+â‹¯â€¦â€¦â€¦â€¦â€¦â€¦â€¦..+ ğ¶à¯¡ğ‘ƒà¯¡
ğ¶à¬µ+ğ¶à¬¶+â‹¯â€¦â€¦â€¦â€¦â€¦â€¦â€¦..+ ğ¶à¯¡à¯œà­€à¬µ
âˆ‘ğ‘à¯œà¯
à¯œà­€à¬µ=ğ‘†ğºğ‘ƒğ´à¬µğ‘à¬µ+ğ‘†ğºğ‘ƒğ´à¬¶ğ‘à¬¶+ â€¦â€¦â€¦.+ ğ‘†ğºğ‘ƒğ´à¯ğ‘à¯
ğ‘à¬µ+ â€¦â€¦â€¦.+ ğ‘à¯ 
 
10. CLASSIFICATION OF RESULT  
 
10.1 Students admitted to the B. Tech. programme, securing a CGPA of 7.5 and above shall 
be deemed to have passed in first class with distinction provided all the courses are 
passed in the first attempt in the end semester examinations within the stipulated 8 
semesters or 6 semesters for lateral entry students 
 
10.2 Students admitted to the M.Tech. (Integrated) programme, securing a CGPA of 7.5 and 
above shall be deemed to have passed in first class with distinction provided all thecredited course with a weightage of 50 marks 
 
6.4 A letter grade, corresponding to the marks secured by the student is awarded for each 
course for which a student has registered. On obtaining a pass grade, the student 
accumulates the course credits as earned credits. A studentâ€™s performance is measured 
by the number of credits that the student has earned and the weighted grade point","To calculate the Cumulative Grade Point Average (CGPA), you can follow the formula provided in the context:

CGPA = (SGPA1 \* Ni + SGPA2 \* N2 + ... + SGPAk \* Nk) / (N1 + N2 + ... + Nk)

Where:

* SGPAi is the Semester Grade Point Average of the ith semester
* Ni is the number of credits taken by the student in the ith semester
* k is the number of semesters that the student has undergone

The SGPA is calculated as the sum of (Ci \* Pi) for all courses in the semester, divided by the sum of Ci for all courses in the semester.

Ci is the credit assigned to the ith course, and Pi is the grade point secured in the ith course.

So, to calculate the CGPA, you need to first calculate the SGPA for each semester, then use the formula above to combine them.",0.7044091,"To calculate CGPA, you need to sum the product of SGPA and the number of credits for each semester, then divide by the total number of credits. The formula is Î£(SGPA)i * Ni / Î£Ni. CGPA is an indicator of a student's overall performance throughout their study period.",0.68609554,-0.01831356424484254
how to calculate SGPA?,"9.4 The average performance of a student in a particular semester is expressed as 
Semester Grade Point Average (SGPA). It is calculated for each semester as follows: 
 
Let `C iâ€™ be the credit assigned to the ith course,  
Let `P iâ€™ be the grade point secured in the ith course, 
Let `nâ€™ be the number of courses for which the student has registered for the 
examinations, 
 
ğ‘†ğºğ‘ƒğ´= âˆ‘ğ¶à¯œà¯¡
à¯œà­€à¬µğ‘ƒà¯œ
âˆ‘ğ¶à¯œà¯¡
à¯œà­€à¬µ=ğ¶à¬µğ‘ƒà¬µ+ğ¶à¬¶ğ‘ƒà¬¶+â‹¯â€¦â€¦â€¦â€¦â€¦â€¦â€¦..+ ğ¶à¯¡ğ‘ƒà¯¡
ğ¶à¬µ+ğ¶à¬¶+â‹¯â€¦â€¦â€¦â€¦â€¦â€¦â€¦..+ ğ¶à¯¡9.5 Calculation of Cumulative Grade Point Average (CGPA)  
 
CGPA is calculated from SGPA of the current and previous semesters.  Hence, it is an 
indicator of the performance of a student over the period of study.  CGPA is calculated 
as follows: 
 
Let â€˜(SGPA) iâ€˜ be the SGPA of a student in ith semester, 
Let â€˜N iâ€™ be the number of credits taken by the student in ith semester, 
Let â€˜kâ€™ be the number of semesters that a student has undergone, 
 
ğ¶ğºğ‘ƒğ´= âˆ‘(ğ‘†ğºğ‘ƒğ´)à¯œğ‘à¯œà¯
à¯œà­€à¬µ
âˆ‘ğ‘à¯œà¯
à¯œà­€à¬µ=ğ‘†ğºğ‘ƒğ´à¬µğ‘à¬µ+ğ‘†ğºğ‘ƒğ´à¬¶ğ‘à¬¶+ â€¦â€¦â€¦.+ ğ‘†ğºğ‘ƒğ´à¯ğ‘à¯
ğ‘à¬µ+ â€¦â€¦â€¦.+ ğ‘à¯ 
 
10. CLASSIFICATION OF RESULTattendance of a student will be the number of periods attended divided by the total 
number of periods actually conducted from the date of his/her admission and multiplied 
by 100Honours courses: Students with CGPA â‰¥ 7.5 are permitted to enrol for additional courses in their discipline offered by SASTRA or online platforms like Coursera, SWAYAM etc., on a self-study mode.

Fellowships: Students are encouraged to apply and undertake fellowships at reputed national institutes through the Indian Academies by facilitating their joining the next semester at a later date.

Competitive exams preparation: Students appearing for competitive exams like GATE, CSIR-NET, etc., are mentored by experienced faculty.","To calculate the Semester Grade Point Average (SGPA) for a particular semester, you need to follow these steps:

1. Determine the credit (Ci) assigned to each of the 'n' courses that the student has registered for.
2. Determine the grade point (Pi) secured in each of the 'n' courses.
3. Calculate the sum of the products of the credit and grade point for all 'n' courses, i.e., Î£CiPi
4. Calculate the sum of the credits of all 'n' courses, i.e., Î£Ci
5. The SGPA is then calculated as the ratio of the sum of the products of credit and grade points (Î£CiPi) to the sum of the credits (Î£Ci).

Mathematically, it is represented as: SGPA = Î£CiPi / Î£Ci

This calculation gives you the Semester Grade Point Average (SGPA) for a particular semester.",0.95489943,"To calculate SGPA, you need to multiply the credit assigned to each course by the grade point secured in that course, sum them up, and divide by the total credits. CGPA is calculated by summing up the SGPA of each semester multiplied by the credits of that semester and dividing by the total credits. Students with CGPA â‰¥ 7.5 can enroll in additional courses in their discipline.",0.91306823,-0.041831195079498285
what is the contact details of registrar?,"S.No School / Office E.Mail Phone 1 Chancellor's Office This email address is being protected from spambots. You need JavaScript enabled to view it. 04362/350002 2 VC's Office This email address is being protected from spambots. You need JavaScript enabled to view it. 04362/350003 3 Registrar Office This email address is being protected from spambots. You need JavaScript enabled to view it. 04362/350004 4 Vice - Chancellor This email address is being protected from spambots. You need JavaScript enabled to view it. 04362/350003 5 Registrar This email address is being protected from spambots.Contact Details:
	
	
		
			
				Office of Admissions :
				
				SASTRA Deemed University

				ThanjavurÂ  613 401

				General Admission Helpdesk: +91 4362 350011-15
				This email address is being protected from spambots. You need JavaScript enabled to view it.

				NRI Admissions: +91 4362 350016
				This email address is being protected from spambots. You need JavaScript enabled to view it.

				Â 

				SASTRA Deemed University

				KumbakonamÂ  612 001

				General Admission Helpdesk: +91 435 2426823KumbakonamÂ  612 001

				General Admission Helpdesk: +91 435 2426823

				This email address is being protected from spambots. You need JavaScript enabled to view it.

				Â 

				SASTRA Deemed University

				Chennai 600 083

				General Admission Helpdesk: +91 44 23650027

				This email address is being protected from spambots. You need JavaScript enabled to view it.

				Â 

				URL: www.sastra.edu
				
			
		
	

	We wish you good luck for your Class XII and other competitive exams.Contact

SASTRA DEEMED UNIVERSITY

Tirumalaisamudram

Thanjavur - 613401

Tamilnadu, India

+91 4362 264101 - 108

+91 4362 350001 (20 lines)

+91 4362 264120

admissionssastra.edu

Visit

Quick Links

National Scholarship Portal

Academic Bank of Credits (ABC) Registration

DigiLocker

UGC-DEB

NCTE

NIRF

NAAC

Headlines Archives

Events Archives

ShanMail

Student Mail

Contact

Useful-Links

ITIHAS (University Newsletter)

NPTEL

ILLUMINATI

Student Web Interface

Parent Web Interface

UGC Job Portal

Alumni Network Portal

Guest House Request

Video Tour

Campus Map

Press Release","The contact details for the Registrar's Office at SASTRA Deemed University are as follows:

Phone: 04362/350004
Email: `This email address is being protected from spambots. You need JavaScript enabled to view it.`",0.23569942,The contact details for the Registrar's Office are as follows: email address This email address is being protected from spambots. You need JavaScript enabled to view it. and phone number 04362/350004. The Registrar's Office can be reached for any inquiries or assistance related to admissions or other academic matters.,0.6836461,0.4479466628781128
how can i contact dean of student affairs sastra?,"How can I get involved?

There are many programs / activities offered by the Residence Life Office which you may participate in and perhaps even help plan and coordinate.

Contact

SASTRA DEEMED UNIVERSITY

Tirumalaisamudram

Thanjavur - 613401

Tamilnadu, India

+91 4362 264101 - 108

+91 4362 350001 (20 lines)

+91 4362 264120

admissionssastra.edu

Visit

Quick Links

National Scholarship Portal

Academic Bank of Credits (ABC) Registration

DigiLocker

UGC-DEB

NCTE

NIRF

NAAC

Headlines Archives

Events Archives

ShanMail

Student Mail

Contact

Useful-LinksClick here







Dr. MANIVANNAN D
Associate Dean - Infrastructure
dmvcse.sastra.edu







School School of Computing
Designation Associate Dean - Infrastructure
Department CSE
Educational QualificationsB.E., M.Tech., Ph.D
Areas of InterestCryptographyWireless Sensor NetworkSecurity in ComputingEmbedded Systems
ORCID URL
 Click here







Dr. ALAGESWARAN R
Associate Dean - Student Welfare
alageswarancse.sastra.eduDr. ALAGESWARAN R
Associate Dean - Student Welfare
alageswarancse.sastra.edu







School School of Computing
Designation Associate Dean - Student Welfare
Department CSE
Educational QualificationsM.E., M.B.A., Ph.D
Areas of InterestInternet of Things, Image Processing, Wireless Sensor Networks, Lightweight Cryptography
ORCID URL
 Click here







Dr. KANNAN .K
Professor
kkannanmaths.sastra.eduDr. KRISHNAMOORTHY A
Associate Dean - Academics
akeee.sastra.edu","Based on the provided context, there is no direct contact information for the Dean of Student Affairs at SASTRA. However, you can contact SASTRA Deeemed University using the following contact information:

Phone numbers:
* +91 4362 264101 - 108
* +91 4362 350001 (20 lines)
* +91 4362 264120

Email:
* admissionssastra.edu

Mailing address:
SASTRA DEEMED UNIVERSITY
Tirumalaisamudram
Thanjavur - 613401
Tamilnadu, India

You can also contact the Associate Dean - Student Welfare, Dr. Alageswaran R, at alageswarancse.sastra.edu.",0.42550698,"To contact the Dean of Student Affairs at Sastra University, you can reach out to Dr. ALAGESWARAN R, the Associate Dean for Student Welfare, at alageswarancse.sastra.edu. You can also contact the university directly at the provided phone numbers or email address for further assistance. Another option is to visit the university's website for additional contact information and resources.",0.22494829,-0.2005586929898071
what are educational qualifications of anila glory?,"Dr. ANILA GLORY H
Asst. Professor - II
anilaglorycse.sastra.edu







School School of Computing
Designation AP - II
Department CSE
Educational QualificationsB.E.(Computer Science & Engineering), M.E.(Computer Science & Engineering), Ph.D.
Areas of InterestBrain-Computer Interface, Machine Learning, Deep Learning
ORCID URL

Click here







Dr. PRAVEEN KUMAR K
Asst. Professor - II
praveenkumarit.sastra.eduDr. VIDIVELLI S
Asst. Professor - II
vidivellicse.sastra.edu







School School of Computing
Designation AP - II
Department CSE
Educational QualificationsB.E(CSE)M.E(CSE)Ph.D(Information and Communication Engineering)
Areas of InterestMedical Image Processing, Computer Vision, Machine Learning, Deep Learning
ORCID URL
 Click here







Dr. ANILA GLORY H
Asst. Professor - II
anilaglorycse.sastra.eduClick here







Ms. GOKILA RG
Asst. Professor - II
gokilacse.sastra.edu







School School of Computing
Designation AP - II
Department CSE
Educational QualificationsB.TECH - Information Technology,M.E - Software Engineering,(Ph.D) - Anna University
Areas of InterestBig Data Analytics,Network Security,IoT
ORCID URL

Click here







Dr. NALAYINI P
Asst. Professor - II
nalayinicse.sastra.eduDr. SENTHILSELVAN N
Asst. Professor - II
senthilselvancse.sastra.edu







School School of Computing
Designation AP - II
Department CSE
Educational QualificationsB.Tech.(IT), M.E.(CSE),(Ph.D.)
Areas of Interestbig data analytics, compiler engineering, Linked open data, Theory of Computation
ORCID URL

Click here







Ms. GOWRI L
Asst. Professor - II
gowrimca.sastra.edu







School School of Computing
Designation AP - II
Department MCA
Educational QualificationsMCA.,M.Phil.,M.Tech(CSE).,Ph.D(pursuing)
Areas of InterestRemote sensing image analysis
ORCID URL
 Click here","Anila Glory's educational qualifications are B.E.(Computer Science & Engineering), M.E.(Computer Science & Engineering), and Ph.D.",0.98726803,"Anila Glory has a B.E. in Computer Science & Engineering, an M.E. in Computer Science & Engineering, and a Ph.D. in her educational qualifications.",0.9777439,-0.009524106335906946
what is the minimum attendance required for attending semester exam?,"remaining semesters 
 
8.5 A student who has an attendance less than 70% in the odd/even semester, will not be 
allowed to appear for the immediate odd/ even semester examination. In such a case, 
the student should register for the same semester during the next academic year, 
thereby losing one year 
 
8.6 There is no provision for a student to improve his/ her attendance during the same 
semester 
 
8.7 Out of a total of 100 marks allotted for each course 50 marks are allotted for continuous 
internal assessment and 50 marks for the end semester examinationsubjects for B.Tech. 
 
8. REQUIREMENTS FOR SUCCESSFUL COMPLETION OF A COURSE & EARNING 
CREDIT 
 
8.1 Students must attend every lecture, tutorial and laboratory class. However, in order to 
provide for sickness and such other contingencies, a minimum attendance percentage 
has been prescribed. A student can appear for an end-semester examination only when 
he/she has put-in a minimum attendance of 80% during the semester.  Percentage of 
attendance of a student will be the number of periods attended divided by the total8.2 A student should necessarily register for the end-semester examinations in all the 
regular and applicable arrear courses 
 
8.3 A student who has an attendance between 75 and 80% will be allowed to write the end 
semester examination provided he/she pays the condonation fees as prescribed by the 
University from time-to-time.  A student shall be allowed to pay condonation fees only 
twice during the entire duration of his / her study in the University 
 
8.4 A student who has an attendance between 70 and 75% will be allowed to write the end8.4 A student who has an attendance between 70 and 75% will be allowed to write the end 
semester examination provided he/she pays the condonation fees and a caution deposit 
as prescribed by the University from time-to-time.  A student shall be allowed to pay 
condonation fees and a caution deposit only once during the entire duration of his / her 
studies in the University.  The caution deposit will be returned to the student at the end 
of the course provided the student maintains attendance more than 80% for the 
remaining semesters",The minimum attendance required for a student to attend the semester examination is 80%.,0.9542948,A student must have a minimum attendance of 80% to be able to appear for the end-semester examination. Attendance between 70% and 75% may be allowed with payment of fees. Attendance below 70% will not allow a student to take the immediate semester exam.,0.9780034,0.023708582682800294
If i score more than 50 marks what grade i can get?,"____________________________________________________________________________ 
 
 
9. EVALUATION OF THE ACADEMIC PERFORMANCE & PROMOTION  
 
9.1 Course-wise grades are awarded to the students by adopting the following scheme, 
based on the aggregate marks scored by the student in the course (which includes 
internal assessment marks and end-semester examination marks) 
 
RANGE LETTER  
GRADE GRADE 
POINT DESCRIPTION OF  
PERFORMANCE 
â‰¥91% S 10 Outstanding 
â‰¥86% and â‰¤ 90% A+ 9 Excellent 
â‰¥75% and â‰¤ 85% A 8 Very Good 
â‰¥66% and â‰¤ 74% B 7 Good 
â‰¥55% and â‰¤ 65% C 6 Satisfactoryinternal assessment and 50 marks for the end semester examination 
 
8.8 The break-up for continuous internal assessment marks for any course is as follows: 
 
Theory Course  Weightage  Practical Course  Weightage  
First, Second & Third test 
(Best two out of three tests will 
be considered) 40% Experimental work & 
observations 40% 
Assignment, Seminar, Quiz,  
etc. 10% Viva-Voce 10% 
Total 50% Total 50% 
 
8.9 A candidate is declared to have passed in a course if he / she secures â€˜Dâ€™ grade based 
on continuous internal assessment and the end-semester examination marks put 
togethercredited course with a weightage of 50 marks 
 
6.4 A letter grade, corresponding to the marks secured by the student is awarded for each 
course for which a student has registered. On obtaining a pass grade, the student 
accumulates the course credits as earned credits. A studentâ€™s performance is measured 
by the number of credits that the student has earned and the weighted grade pointâ‰¥75% and â‰¤ 85% A 8 Very Good 
â‰¥66% and â‰¤ 74% B 7 Good 
â‰¥55% and â‰¤ 65% C 6 Satisfactory 
â‰¥50% and â‰¤ 54% D 5 Pass 
< 50% F 0 Fail 
Absent  E 0 Exposure 
 
 
9.2 A candidate who does not pass a course in the odd/even semester examination should 
register and take up the subsequent supplementary odd/even semester examination in 
that course and pass the same 
 
9.3 Some students due to extraneous reasons score less marks in Continuous Internal 
Assessment (CIA) resulting in failing in the course.  There is no provision for a student to","If you score more than 50 marks out of 100 in a course, you can get a grade of D or higher. According to the grading scheme provided, a grade of D is awarded to students who secure between 50% and 54% (50-54 marks out of 100), while grades of C, B, A, and S are awarded for higher scores. The corresponding grade points for these grades are 6, 7, 8, 9, and 10, respectively.",0.4647648,"If you score more than 50 marks, you can get a grade of 'D', which is a pass grade according to the grading scheme provided. This grade is based on continuous internal assessment and end-semester examination marks combined. Grades above 'D' include A, B, and C for higher marks.",0.41363454,-0.05113026134948728
what does the letter E means in grading?,"____________________________________________________________________________ 
 
 
9. EVALUATION OF THE ACADEMIC PERFORMANCE & PROMOTION  
 
9.1 Course-wise grades are awarded to the students by adopting the following scheme, 
based on the aggregate marks scored by the student in the course (which includes 
internal assessment marks and end-semester examination marks) 
 
RANGE LETTER  
GRADE GRADE 
POINT DESCRIPTION OF  
PERFORMANCE 
â‰¥91% S 10 Outstanding 
â‰¥86% and â‰¤ 90% A+ 9 Excellent 
â‰¥75% and â‰¤ 85% A 8 Very Good 
â‰¥66% and â‰¤ 74% B 7 Good 
â‰¥55% and â‰¤ 65% C 6 SatisfactoryAssessment (CIA) resulting in failing in the course.  There is no provision for a student to 
improve his / her continuous internal assessment marks. For such candidates who 
appear in the subsequent supplementary exams, the following formula will apply: 
 
M = (I+E) or 2E, whichever is greater, where I = CIA marks of the student; M = Total 
marks of the students and E = Marks scored by the student in the end semester 
supplementary examination 
 
9.4 The average performance of a student in a particular semester is expressed ascredited course with a weightage of 50 marks 
 
6.4 A letter grade, corresponding to the marks secured by the student is awarded for each 
course for which a student has registered. On obtaining a pass grade, the student 
accumulates the course credits as earned credits. A studentâ€™s performance is measured 
by the number of credits that the student has earned and the weighted grade pointâ‰¥75% and â‰¤ 85% A 8 Very Good 
â‰¥66% and â‰¤ 74% B 7 Good 
â‰¥55% and â‰¤ 65% C 6 Satisfactory 
â‰¥50% and â‰¤ 54% D 5 Pass 
< 50% F 0 Fail 
Absent  E 0 Exposure 
 
 
9.2 A candidate who does not pass a course in the odd/even semester examination should 
register and take up the subsequent supplementary odd/even semester examination in 
that course and pass the same 
 
9.3 Some students due to extraneous reasons score less marks in Continuous Internal 
Assessment (CIA) resulting in failing in the course.  There is no provision for a student to","Based on the context provided, the letter grade 'E' means 'Exposure' in the grading system. However, it's worth noting that this specific grade does not seem to be associated with any percentage range or grade points, unlike the other letter grades mentioned in the context. It is also mentioned that a student can receive an 'Exposure' grade if they were absent for the course.",0.3446311,"The letter E in grading means ""Exposure"" and is assigned to students who are Absent in a course. This indicates that the student did not participate in the assessment or examination for that particular course.",0.4513321,0.10670099228515623
what is SAP?,"School School of Electrical and Electronics Engineering
Designation SAP
Department Physics
Educational Qualifications2005 - 2010: Ph.D Physics (Magnetic nanomaterials and nanofluids) from Indira Gandhi Center for Atomic Research Kalpakkam. Degree awarded by University of Madras2003 - 2004: M.Phil. Nuclear Physics, Department of Nuclear Physics, University of Madras (Guindy campus), Chennai2001 - 2003: M.Sc. Physics from Presidency college (Autonomous), University of Madras, Chennai1998 - 2001: B.Sc. Physics from Presidency college(Autonomous), University of Madras, ChennaiClick here







Dr. SEKAR KR
Sr. Asst. Professor
sekar_krcse.sastra.edu







School School of Computing
Designation SAP
Department CSE
Educational QualificationsM.C.A.,M.B.A.,M.Phil.,M.Tech.,Ph.D.
Areas of InterestComponent Based Technology , Data Mining and Warehousing , Artificial intelligence, Management Resource Techniques. Big Data Analytics, Active Directory Domain Service
ORCID URL

Click here







Dr. SIVANESAN P
Sr. Asst. Professor
sivanesanict.sastra.eduClick here







Dr. RAJKUMAR K
Sr. Asst. Professor
rajkumarcse.sastra.edu







School School of Computing
Designation SAP
Department CSE
Educational QualificationsM.Tech.(CSE),Ph.D.,
Areas of InterestComputer Networks,Distributed systems & Network Security
ORCID URL
 Click here







Dr. MANIKANDAN R
Sr. Asst. Professor
manikandan75core.sastra.eduClick here







Dr. KARTHIKEYAN B
Sr. Asst. Professor
bkarthikeyanit.sastra.edu







School School of Computing
Designation SAP
Department IT
Educational QualificationsM.Sc.,M.Tech.,Ph.D
Areas of InterestImage Compression, Steganography, Algorithms, Machine Learning
ORCID URL
 Click here







Dr. DENNIS ANANTH A
Sr. Asst. Professor
dennisananthit.sastra.edu","In the provided context, SAP stands for Senior Assistant Professor. It is a designation for faculty members at the School of Electrical and Electronics Engineering and the School of Computing.",0.6137047,SAP stands for System Applications and Products in Data Processing. It is a software suite that is used for managing business operations and customer relations. SAP is commonly used in enterprise resource planning.,0.42955035,-0.18415435028762817
"what is L,T,P?","What can or should I bring?

Flashlight, Batteries Hangers Erasable message board Stationery, stamps Dictionary, Thesaurus Laundry bag/basket Plastic storage crates Alarm clock/Clock radio Pens, Pencils, Erasers, Notebooks Iron Daily Planner Desk lamp Calendar Eating utensils, Tupperware Envelopes, Stamps Towels, washcloths First aid kit Bowls, cups Extension cord Pillows, Mattress pad Stapler, Scissors, Tape Extra-long sheets Umbrella Air fresheners Dust bin Shower slippers Toiletries, hygiene supplies

How can I get involved?Click here







Dr. LALITHAMBIKA .K.C
Asst. Professor - III
lalikcleee.sastra.edu







School School of Electrical and Electronics Engineering
Designation AP - III
Department Physics
Educational QualificationsM.Sc.,M.Phil.,Ph.D.
Areas of InterestThin films
ORCID URL

Click here







Dr. NATARAJAN .S
Asst. Professor - III
natarajanseee.sastra.eduEducational QualificationsPh. D - Theoretical Physics - Nonlinear DynamicsCentre for Nonlinear Dynamics, School of Physics, Bharathidasan University, Tiruchirapalli 620 024, IndiaM. Sc., PhysicsSchool of Physics, Bharathidasan University, Tiruchirapalli 620 024, IndiaB. Sc., PhysicsGovernment Arts College, Karur, Tamil Nadu, India--------------------------------------------------Details of Employment and Nature of Duties:--------------------------------------------------> Visiting Research Fellow at the Physics Department, Lancaster University, UK (01-05-2007 to 31-03-2008)>Click here







Dr. LENIN PRAKASH S
Asst. Professor - II
leninprakasheee.sastra.edu







School School of Electrical and Electronics Engineering
Designation AP - II
Department EEE
Educational QualificationsB.Tech., M.E., Ph.D
Areas of InterestPower Electronics, Electrical Drives, Electric Vehicles, Power Quality, Renewable Energy Conversion.
ORCID URL
 Click here







Dr. SURESH RAMACHANDRAN
Asst. Professor - I - Research
suresheee.sastra.edu","Based on the provided context, there are no clear definitions or explanations for the letters ""L"", ""T"", and ""P"". Therefore, it is not possible to provide an accurate response to this question without additional context.",0.046057235,I don't know.,0.052155785,0.006098550262584684
how to contact dean of SEEE?,"Click here







Dr. SRIDHAR K
Dean - Research
sridharece.sastra.edu







School School of Electrical and Electronics Engineering
Designation Dean - Research
Department ECE
Educational QualificationsB.E.(ECE) - N.I.T.TrichyM.E.(VLSI Systems) - N.I.T. TrichyPh.D.(Reconfigurable Computing) - SASTRA Deemed University
Areas of InterestVLSI DesignInformation SecurityElectronicsMicroprocessors and MicrocontrollersComputer Networks
ORCID URL

Click here







Lt. Dr. VIJAYAREKHA .K
Associate Dean - Student Welfare
vijayarekhaeee.sastra.eduClick here







Dr. THENMOZHI .K
Dean
thenmozhikece.sastra.edu







School School of Electrical and Electronics Engineering
Designation Dean
Department ECE
Educational QualificationsM.E.,Ph.D.
Areas of InterestWireless communication,Information Theory and Coding,Information security
ORCID URL

Click here







Dr. SRIDHAR K
Dean - Research
sridharece.sastra.eduSchool School of Electrical and Electronics Engineering
Designation Dean Sponsored Research
Department ECESchool School of Computing
Designation Associate Dean - Academics
Department EIE","To contact the Dean of the School of Electrical and Electronics Engineering (SEEE), you can email Dr. Sridhar K at [sridharece.sastra.edu](mailto:sridharece.sastra.edu). Alternatively, you can visit the school's website and look for the ""Contact Us"" page to find other ways to get in touch with the Dean's office.",0.49748275,"To contact the Dean of the School of Electrical and Electronics Engineering, you can reach out to Dr. Sridhar K at sridharece.sastra.edu. Additionally, you can contact Dr. Thenmozhi K, who is the Dean of the Department of ECE, at thenmozhikece.sastra.edu. If you have student welfare inquiries, you can contact Lt. Dr. Vijayarekha K, the Associate Dean of Student Welfare, at vijayarekhaeee.sastra.edu.",0.45602682,-0.04145592767143247
what is speciality of daksh,"DAKSH, the international techno-management festival of SASTRA University, is an annual event comprising of a myriad of events involving all trades of engineering. It promises to not only be educating but also refreshing for each participant as it attempts to cross boundaries of knowledge beyond textbooks and classrooms. Having started in 2007, DAKSH is running into its eighth edition now. DAKSH presents an opportunity to students from across the globe to display their techno-managerial skills while participating in a plethora of exciting events, assorted workshops, excellent power talks andStudent ActivitiesASCIEEDakshKuruksastraPlasma CompendiumWadioBiotikosNCCNSSClubsED-CellIIChE Student ChapterASME Students ChapterIEEE SB SASTRAICT@S

DakshAsÂ a huge platform for students to showcase their technical prowess and management talents, this techno-management extravaganza gets bigger and bigger with each passing year. Boasting of unique events and thousands of participants, DAKSH enters its Edition 8.0

To open the DAKSH 2015 website click here

Contact

SASTRA DEEMED UNIVERSITY

Tirumalaisamudram

Thanjavur - 613401

Tamilnadu, India

+91 4362 264101 - 108

+91 4362 350001 (20 lines)

+91 4362 264120

admissionssastra.edu

Visit

Quick Links

National Scholarship Portal

Academic Bank of Credits (ABC) Registration

DigiLockerEach year brings about varying themes ranging from ""Engineering 360"" to the most recent ""Mahabharata"".Â SASTRA University always believes in encouraging the students so that they may be empowered to open new challenging frontiers for themselves, and this technical festival is one such attempt, giving the students hands on experience in science, technology and management. With the introduction of online events, DAKSH now brings in international participants as well.","The specialty of DAKSH lies in its role as a huge platform for students to showcase their technical prowess and management talents. It is an annual techno-management festival of SASTRA University that features a myriad of events, workshops, power talks, and student activities. DAKSH is known for its unique events, thousands of participants, and varying themes that encourage students to explore new frontiers in science, technology, and management. With the introduction of online events, DAKSH now attracts international participants as well. The festival aims to provide hands-on experience to students beyond textbooks and classrooms, making it a valuable experience for participants.",0.99530196,"The specialty of DAKSH is its focus on providing a platform for students to showcase their technical and management skills through unique events and workshops. It encourages students to go beyond textbooks and classrooms to gain hands-on experience in science, technology, and management. DAKSH also attracts international participants through its online events.",0.99530953,7.5716886901444624e-06
what are different events conducted in kuruksastra? who should participate in the event?,"EVENTS @ KS

DANCE

Whether it be the moves which would make Michael Jackson cry for joy in heaven(or wherever he is) or the chime of anklets as Bharatanatyam dancers full of finesse gliding across the stage, dance at Kuruksastra has always been a study of contrasts. All the feet tapping and jaw dropping moves are put to test in an event where east meets the west,where the best compete and offer wholesome entertainment at packed auditorium

LITERARY EVENTS:

ENGLISH:Kuruksastra





If Kurukshetra was the greatest battle in Hindu mythology,

Kuruksastra is the greatest battle of Southern india to establish proven talent and bring to the fore previously unheralded ones. A sublime melange of style and substance, glamour and colour, Kuruksastra, SASTRA's cultural bonanza consists of arts, music, literary events(English, Tamil and Hindi) and dance. Top Institutes from all over India turn up to give fierce competition to each other in the race to win the ultimate prize- the title of overall championship at Kuruksastra.Student ActivitiesASCIEEDakshKuruksastraPlasma CompendiumWadioBiotikosNCCNSSClubsED-CellIIChE Student ChapterASME Students ChapterIEEE SB SASTRAICT@S

Kuruksastra





If Kurukshetra was the greatest battle in Hindu mythology,Each year brings about varying themes ranging from ""Engineering 360"" to the most recent ""Mahabharata"".Â SASTRA University always believes in encouraging the students so that they may be empowered to open new challenging frontiers for themselves, and this technical festival is one such attempt, giving the students hands on experience in science, technology and management. With the introduction of online events, DAKSH now brings in international participants as well.","The different events conducted in Kuruksastra include arts, music, literary events in English, Tamil and Hindi, and dance. There are also technical events, such as those focused on science, technology, and management. These events are open to students from top institutes all over India, and with the introduction of online events, international participants are also welcome. Therefore, students who are interested in these fields and want to open new challenging frontiers for themselves should participate in the event.",0.99664366,"Dance and literary events are conducted in Kuruksastra, including Bharatanatyam and English literary competitions. Students from top institutes from all over India participate in these events to showcase their talent and compete for the overall championship title.",0.99837554,0.0017318750112914616
tell me about library in sastra,"Saraswathi Sadan, the Central Library of SASTRA is an architectural elegance over an area of about 4,340 sq. m with modern study area, audioâ€“visual room, internet and reprographic facilities. It is the nerve centre of the entire campus catering to the literary and knowledge pursuits of the faculty and students. Responding to the technological developments in the 21st century, SASTRA has adopted automation and integrated Information & Communication Technology tools into the resources and services offered in the Central Library. This has ensured that the library does not become an irrelevantAnnual subscription to bibliographic databases like Web of Sciences providing access to over 16,400 titles is also available. SASTRA is also an associate member of the e-SHODH SINDHU, which provides access to online resources. Online access for all the e-books and e-journals has facilitated on-campus users to access the huge collection from the comfort of their rooms and at their convenience. Access to the vast online resources at the library for SASTRA fraternity when they are off-campus is provided through the Knimbus software tool, enabling connectivity with SASTRA from anywhere around theClick here







Dr. PRAKASH. I
AP - Research
prakasheee.sastra.eduStudent ActivitiesASCIEEDakshKuruksastraPlasma CompendiumWadioBiotikosNCCNSSClubsED-CellIIChE Student ChapterASME Students ChapterIEEE SB SASTRAICT@S

Temple





Shri JayaGanapathy temple at SASTRA has always been a centre of spiritual activities and religious learning. The temple was built and consecrated in the year 1993, and recently in July 2011 the temple was re-consecrated with the addition of many new deities to the already present deity congregation.","The Central Library of SASTRA, named Saraswathi Sadan, is an architectural marvel spread over an area of about 4,340 sq. m. It is the nerve center of the campus, catering to the literary and knowledge needs of the faculty and students. The library has integrated Information & Communication Technology tools, ensuring it stays relevant in the 21st century. It offers resources like annual subscription to bibliographic databases such as Web of Sciences, providing access to over 16,400 titles. SASTRA is also an associate member of the e-SHODH SINDHU, which provides access to online resources. Online access to e-books and e-journals is available for on-campus users, and off-campus access is provided through the Knimbus software tool.",0.99900323,"The library at SASTRA, known as Saraswathi Sadan, is a modern facility with study areas, audio-visual rooms, and internet services. It has adopted automation and integrated technology tools to provide resources and services to faculty and students. Access to online databases and e-resources is available for on-campus and off-campus users through tools like Knimbus.",0.998988,-1.525726364137725e-05
what are different laboratories available in vidhyut vihar?,10. Vidya Vihar 28 Class rooms for I years 11. Srinivasa Ramanujan Centre 56 Computer programming Laboratory Internet Laboratory Electrical Machines Laboratory Electronics Laboratory Basic Workshop Communications & DSP Laboratory Physics Laboratory Chemistry Laboratory Educational Technology Laboratory Biochemistry Laboratory Microbiology LaboratoryLaboratory VLSI Design Laboratory Internet Laboratory Digital Library INTEL Multicore Lab 7. Jana Chaitanya 6 Computer Laboratory 8. Gnana Vihar 4 Physics Laboratory Chemistry Laboratory Psychometric Analysis Laboratory Language Laboratory 9. Vignana Vihar 6 Technical Analysis Laboratory Applied Physical Chemistry Laboratory Chemical Reaction Engineering Lab Heat and Mass Transfer Laboratory Mechanical Operations Laboratory Instrumental & Fuel Analysis Laboratory Process Simulation Laboratory 10. Vidya Vihar 28 Class rooms for I years 11. Srinivasa Ramanujan Centre 56 Computer programmingS. No. Building No. of Class Rooms Laboratories 1. Nirman Vihar 10 Fluid Mechanics and Machinery Laboratory Geotechnical Engineering Laboratory Survey Lab Concrete and Highway Laboratory Strength of Materials Laboratory Structural Analysis Laboratory CAD Lab Geology Lab 2. Jiva Chaitanya 24 Biochemistry Laboratory Microbiology Laboratory Plant Cell Culture Laboratory Molecular Biology Laboratory Genetic Engg. Laboratory Bioprocess Engg. Laboratory Downstream Processing Lab Histology Laboratory Animal House Dissection Laboratory Biological / Data Banks & Analysis Lab Biochemistry LaboratoryAnimal House Dissection Laboratory Biological / Data Banks & Analysis Lab Biochemistry Laboratory Computational Chemistry Lab Drug Design Laboratory Bioinformatics Tools Laboratory Biological Sequence Analysis Lab Bio computing Laboratory Molecular Biology Techniques Lab Molecular Graphics & Modeling Lab RDBMS Laboratory 3. Vishwakarma Joth 19 Machine Shop CNC Centre Thermal Laboratory Heat Transfer Laboratory CAD/CAM Laboratory Dynamics Laboratory Metrology Laboratory Automobile Laboratory Mechatronics Laboratory Metallurgy Laboratory 4. Vidyut Vihar 33 A.C & D.C Machines Laboratory,"Based on the provided context, the following laboratories are available in Vidyut Vihar:

1. A.C & D.C Machines Laboratory",0.33176944,"The laboratories available in Vidhyut Vihar include Electrical Machines Laboratory, Electronics Laboratory, VLSI Design Laboratory, Internet Laboratory, and A.C & D.C Machines Laboratory. Other laboratories in different buildings include Chemistry Laboratory, Physics Laboratory, Biochemistry Laboratory, and Fluid Mechanics and Machinery Laboratory. Additionally, there are specialized labs for subjects like Geotechnical Engineering, Molecular Biology, and Bioinformatics Tools.",0.7121443,0.3803748752427673
is wifi facility available in SASTRA hostel? what is the speed of wifi?,"SASTRA has always believed in catering to the palate and providing wholesome and balanced nutrition in a hygienic environment. A completely balanced vegetarian diet is served in all hostels equipped with steam-cooking facilities. There is also North Indian Cuisine in addition to the South Indian culinary delights.

1GbpsÂ Wi-Fi is available to all the inmates of the hostels.

A well furnished guest house with adquate number of A/C and non-A/C rooms is available for visitors on prior request and subject to availability.

General InformationAbout the Guest House 
	
		Welcome to SASTRA Paradise Guest house. Situated diagonally opposite to our campus, this fully renovated Guest house is most comfortable with 28 rooms, 6 of those being NON- AC and rest fully air conditioned rooms. 
		The rooms are provided with necessary furniture to work and required modern amenities. 
		Smart TV is also provided with required Wi-Fi facilities.
		Hot and cold water in the bath rooms, comfortable and cozy beds with supporting furnishing makes the stay very pleasurable.Student ActivitiesASCIEEDakshKuruksastraPlasma CompendiumWadioBiotikosNCCNSSClubsED-CellIIChE Student ChapterASME Students ChapterIEEE SB SASTRAICT@S

Central Facilities





Major facilities established in the University are available for all students & faculty from SASTRA as well as from other institutions.Â  The following are Â partial list of equipment Â available on campus for research:

Field emission transmission electron microscope with energy dispersive spectrometer (FE-TEM)

Computer Numerically Controlled turning centres and machining centres (production capacity machines)Student ActivitiesASCIEEDakshKuruksastraPlasma CompendiumWadioBiotikosNCCNSSClubsED-CellIIChE Student ChapterASME Students ChapterIEEE SB SASTRAICT@S

Hostel Fee





HOSTEL LODGING FEE

Hostel / Room Type Annual Hostel Lodging Fee Single Rs.20,000/- 2 - in - 1 Rs.18,000/- 3-in-1 / 4-in-1 Rs.14,000/- Single (Bath Attached) Rs.28,000/- 2-in-1 (Bath Attached) Rs.24,000/- 3-in-1 / 4-in-1 (Bath Attached) Rs.20,000/-

Contact

SASTRA DEEMED UNIVERSITY

Tirumalaisamudram

Thanjavur - 613401

Tamilnadu, India

+91 4362 264101 - 108

+91 4362 350001 (20 lines)

+91 4362 264120

admissionssastra.edu","Yes, Wi-Fi facility is available in SASTRA hostel with a speed of 1Gbps.",0.99549735,"Yes, Wi-Fi facilities are available in SASTRA hostels with a speed of 1Gbps.",0.9963366,0.0008392293228149938
what are services available in sastra hospital?,"Hospital





SASTRA requires a completed health evaluation form including immunization records on all full time students. Medical treatment given by the nursing staff and doctor on campus is offered without charge to all students. Students are responsible for all other costs, including doctor visits off campus, prescriptions, laboratory tests, ambulance service, and hospital care. Students are responsible for their own transportation to a physician's office and/or to a hospital except in an emergency, when an ambulance will be called.

The following services are providedMedical checkups

Consultation and referrals

Medication management

Vaidyanatha Arogyasala' the in-house hospital with 10 beds and regular doctors caters to the medical need of the students. Two fulltime doctors, one resident doctor besides adequate paramedical staff are available at the hospital. The hospital is adequately equipped with sophisticated equipment and is prepared to meet any medical emergency round the clock. The medical consultation is offered free and is also extended to the nearby villages surrounding SASTRA.

Contact

SASTRA DEEMED UNIVERSITY

TirumalaisamudramSASTRA has always believed in catering to the palate and providing wholesome and balanced nutrition in a hygienic environment. A completely balanced vegetarian diet is served in all hostels equipped with steam-cooking facilities. There is also North Indian Cuisine in addition to the South Indian culinary delights.

1GbpsÂ Wi-Fi is available to all the inmates of the hostels.

A well furnished guest house with adquate number of A/C and non-A/C rooms is available for visitors on prior request and subject to availability.

General InformationNational recognition for research in Indian system of medicine

Robust campus wide Wi-Fi connectivity with threat management systems

Student enrichment, soft skills training and gender sensitization programmes

Financial assistanceship, freeships and scholarships to student community

Research exposure to undergraduate students

Value-based education opportunities towards all round development of students On-line mentoring system

Washington Accord Team lauds SASTRA","The services available in SASTRA hospital include medical checkups, consultation and referrals, and medication management. The hospital, called Vaidyanatha Arogyasala, has 10 beds and is equipped with sophisticated medical equipment. It has two full-time doctors, one resident doctor, and adequate paramedical staff available to attend to medical needs. The hospital provides free medical consultation to students and the surrounding villages. In addition to general medical services, the hospital is also prepared to handle medical emergencies 24/7.",0.99899524,"Services available in Sastra hospital include medical checkups, consultations and referrals, medication management, and 24/7 emergency care with sophisticated equipment. The hospital has two full-time doctors, a resident doctor, and paramedical staff available. Free medical consultation is offered to students and nearby villages.",0.995522,-0.003473217752685498
what are innovation opportunities available in sastra?,"Each year brings about varying themes ranging from ""Engineering 360"" to the most recent ""Mahabharata"".Â SASTRA University always believes in encouraging the students so that they may be empowered to open new challenging frontiers for themselves, and this technical festival is one such attempt, giving the students hands on experience in science, technology and management. With the introduction of online events, DAKSH now brings in international participants as well.National recognition for research in Indian system of medicine

Robust campus wide Wi-Fi connectivity with threat management systems

Student enrichment, soft skills training and gender sensitization programmes

Financial assistanceship, freeships and scholarships to student community

Research exposure to undergraduate students

Value-based education opportunities towards all round development of students On-line mentoring system

Washington Accord Team lauds SASTRAstimulus to the grey cells of the brain through its extremely challenging technical problems. This 
attracts participants from all over the country and provides the cha nce to test our technical skills 
with the best in the country.  
  
Cultural Events  
 
The immensely talented SASTRA students have many student clubs for expressing their talents 
and creativity.  The cultural team of SASTRA is selected from the highly talented members of 
these clubs and the club members meet after working hours each week and hone their skills, planSASTRA houses two technology business incubators (TBI) with the support from Department of Science & Technology (DST) and Department of Biotechnology (DBT). The Foundation for Innovation and Research at SASTRA TBI (FIRST), a Section 8 company established in 2017, is jointly supported by DST and SASTRA to nurture innovations in 3D printing, Internet of Things, Virtual Reality and Augmented Reality. Established at a cost of Rs 1382.23 lakh with a dedicated space of 20,000 sq.ft., FIRST houses a Design facility, Innovation & Training Centre, Rapid Prototyping Centre, incubation & office space,","SASTRA University provides several innovation opportunities to its students. Here are a few:

1. Research exposure to undergraduate students: SASTRA University offers research opportunities to its undergraduate students, providing them with a chance to work on real-world problems and innovations.
2. Two technology business incubators (TBI): SASTRA houses two technology business incubators with the support from the Department of Science & Technology (DST) and Department of Biotechnology (DBT). These incubators provide students with the resources and support they need to turn their ideas into viable businesses.
3. Foundation for Innovation and Research at SASTRA TBI (FIRST): FIRST is a Section 8 company established in 2017, jointly supported by DST and SASTRA, to nurture innovations in 3D printing, Internet of Things, Virtual Reality and Augmented Reality.
4. Online mentoring system: SASTRA provides an online mentoring system that connects students with industry experts and mentors, providing them with guidance and support for their innovative projects.
5. Cultural Events: SASTRA has several student clubs that provide students with the opportunity to express their creativity and talents. These clubs also serve as a platform for students to innovate and come up with new and creative ideas.

Overall, SASTRA University provides several innovation opportunities to its students, ranging from research and incubation to mentoring and cultural events, fostering a culture of innovation and creativity.",0.969165,"Innovation opportunities available in SASTRA include research in Indian system of medicine, robust campus-wide Wi-Fi connectivity, student enrichment programs, financial assistance, research exposure for undergraduate students, value-based education, online mentoring, and technology business incubators supported by DST and DBT.",0.99869186,0.029526856861114448
what is NAAC score and NIRF ranking of SASTRA?,"NAAC Accreditation

As a University, SASTRA has been re-accredited in the IV cycle with a maximum GRADE 'A++' by National Assessment and Accreditation Council (NAAC), an autonomous body established by the University Grants Commission. The Score of 3.76 puts SASTRA as number one university of its type in Tamilnadu and amongst the top in the country.Student ActivitiesASCIEEDakshKuruksastraPlasma CompendiumWadioBiotikosNCCNSSClubsED-CellIIChE Student ChapterASME Students ChapterIEEE SB SASTRAICT@S

Accreditation & Ranking





National Institute Ranking Framework (NIRF)

SASTRA DEEMED UNIVERSITY has consistently secured top ranks in the Engineering category by the NIRF. The data for NIRF has been submitted in Overall, Engineering, Management and Law category. The submitted data is available here

NAAC AccreditationTCS Accreditation

M/s Tata Consultancy Services Ltd., has accredited SASTRA with â€˜Aâ€™ grade (Highest) putting SASTRA in the elite company of premier institutes. The MBA programme is also separately accredited by TCS.

Contact

SASTRA DEEMED UNIVERSITY

Tirumalaisamudram

Thanjavur - 613401

Tamilnadu, India

+91 4362 264101 - 108

+91 4362 350001 (20 lines)

+91 4362 264120

admissionssastra.edu

Visit

Quick Links

National Scholarship Portal

Academic Bank of Credits (ABC) Registration

DigiLocker

UGC-DEB

NCTE

NIRF

NAAC

Headlines Archives

Events Archives

ShanMail

Student Mailmany accolades and has brought laurels to the University.  A noteworthy point of mention is that 
SASTRA is the only team with the most  number of wins (overall championship) at 
FESTEMBER â€“ the inter -college cultural festival of National Institute of Technology, Trichy. 
The annual inter -collegiate national level cultural extravaganza called KURUKSASTRA held in 
February -March  each year is a  show -stopper and attracts talents from across the country. The 
students get a chance to enchant one and all with their talents in literary and fine arts events.  
 
Sports","The NAAC score of SASTRA is 3.76 and it has not been provided with a specific ranking by NAAC as the accreditation is provided through grades. In the NIRF ranking, SASTRA has consistently secured top ranks in the Engineering category, however, the exact ranking was not provided in the context.",0.6876546,I don't know.,0.021658286,-0.6659963135477066
what are sports facilities available in sastra?,"Sports  
 
In tune with the popular adage â€˜A health mind in a healthy bodyâ€™ , the University provides 
adequate facilities for boys and girls to keep themselves fit. The menâ€™s gymnasium named 
â€˜Maruti â€™ has state -of-the-art facil ities such as tread mill, weights etc., to keep the young men in 
top physique. The girlâ€™s gymnasium is in the girlâ€™s hostel and also includes a basket ball court 
and volleyball court apart from the tread mill and table tennis board.   
 
The annual intra-mural sports festival of SASTRA aptly named FUERA is a hotly contestedStudent ActivitiesASCIEEDakshKuruksastraPlasma CompendiumWadioBiotikosNCCNSSClubsED-CellIIChE Student ChapterASME Students ChapterIEEE SB SASTRAICT@S

Sports





Indoor Stadium

To promote excellence in sports and provide organized relaxation and entertainment, an indoor stadium â€œMARUTIâ€ has been constructed and equipped with billiards tables, badminton courts, a basketball court, table tennis, and carrom board with indoor lighting facility.

Gymnasium - ""Mens Sana, In Corpore Sano""The annual intra-mural sports festival of SASTRA aptly named FUERA is a hotly contested 
tournament. Apart from track & field, t he talents of the participants is put into acid test in team 
events such as cricket, football, hockey, basket ball, volleyball, Frisbee, badminton, table tennis, 
chess etc. Body building and weight lifting are other popular categories in FUERA. The 
competi tions provide the right environment for youngsters to get selected for the University 
team. The SASTRA sports teams have won places in the district and zonal levels and haveteam. The SASTRA sports teams have won places in the district and zonal levels and have 
participated in national level contests.  The SASTRA team has won awards at TIES â€“ the state 
level Tamilnadu Inter -Engineering Sports.  The studentsâ€™ teams have won laurels in the 
basketball, table tennis, kabaddi and have made a mark in body building, weight lifting, 
swimming and Go -karting.  The students are guided to sporting glory b y an experienced physical 
director, an enthusiastic physical directress and a weight trainer. The annual inter -collegiate","SASTRA provides several sports facilities, including:

1. Men's gymnasium named 'Maruti' equipped with state-of-the-art facilities such as treadmills, weights, etc.
2. Girl's gymnasium located in the girl's hostel, which includes a basketball court, volleyball court, treadmill, and table tennis board.
3. An indoor stadium named 'MARUTI' equipped with billiards tables, badminton courts, a basketball court, table tennis, and carrom board with indoor lighting facility.
4. Sports facilities for various events and tournaments, such as track & field, cricket, football, hockey, basket ball, volleyball, Frisbee, badminton, table tennis, chess, body building, and weight lifting.
5. A physical director, physical directress, and a weight trainer to guide students to sporting glory.

SASTRA sports teams have won places in the district and zonal levels and have participated in national level contests. The students have won laurels in various sports such as basketball, table tennis, kabaddi, body building, weight lifting, swimming, and Go-karting.",0.67562634,"SASTRA University offers sports facilities such as the men's gymnasium named 'Maruti' with state-of-the-art equipment and the girl's gymnasium with basketball and volleyball courts. Additionally, there is an indoor stadium equipped with billiards tables, badminton courts, a basketball court, table tennis, and carrom board. The university hosts an annual intra-mural sports festival named FUERA, featuring a variety of sports competitions for students to participate in and showcase their talents.",0.9921218,0.3164954756814575
what are cocurricular activities in sastra,"The student clubs organize CARPE DIEM â€“ the annual intramural cultural festival of SASTRA 
and the stu dent coordinators of each club are actively involved in screening and short -listing the 
scores of talents that participate in the various events.  This festival provides a great opportunity 
for freshers to get into the University cultural team. The cultura l team of SASTRA is endowed 
with amazing talents and leaves an indelible mark wherever it participates.  The team has won 
many accolades and has brought laurels to the University.  A noteworthy point of mention is thatthese clubs and the club members meet after working hours each week and hone their skills, plan 
and practice for their upcoming events.  Each club has its student and staff coordinators and 
commences its activities every academic year and has a final showdown at the end of each 
academic year which is very popular.  The various students clubs that are currently active at 
SASTRA are listed below:  
ï‚§ Auto club  
ï‚§ Literary clubs (Tamil, English, Hindi and Telugu)  
ï‚§ Oratory & Debating clubs (Tamil, English, H indi and Telugu)  
ï‚§ Fine-Arts club (Music, Dance, Painting)Student ActivitiesASCIEEDakshKuruksastraPlasma CompendiumWadioBiotikosNCCNSSClubsED-CellIIChE Student ChapterASME Students ChapterIEEE SB SASTRAICT@S

Best Practices





SASTRA has adopted several best practices towards performance excellence. Some of the best practices followed are:

Transparent merit-based admission

Emphasis on outcome-based and experiential learning

Impactful pedagogy

Accelerated Credit Registration System providing flexibility

Semester Abroad Programme offers international exposure in premier institutions

Soft skills as an essential part of curriculumHonours courses: Students with CGPA â‰¥ 7.5 are permitted to enrol for additional courses in their discipline offered by SASTRA or online platforms like Coursera, SWAYAM etc., on a self-study mode.

Fellowships: Students are encouraged to apply and undertake fellowships at reputed national institutes through the Indian Academies by facilitating their joining the next semester at a later date.

Competitive exams preparation: Students appearing for competitive exams like GATE, CSIR-NET, etc., are mentored by experienced faculty.","Based on the context provided, cocurricular activities in SASTRA include:

1. Participation in student clubs such as Auto club, Literary clubs (Tamil, English, Hindi and Telugu), Oratory & Debating clubs (Tamil, English, Hindi and Telugu), and Fine-Arts club (Music, Dance, Painting).
2. Participation in cultural festivals such as CARPE DIEM, where students can showcase their talents and have the opportunity to be part of the University cultural team.
3. Participation in clubs and activities organized by student coordinators and staff coordinators, which take place after working hours each week and commences every academic year.
4. Participation in competitions, events, and activities organized by various clubs throughout the academic year, culminating in a final showdown at the end of each academic year.

These cocurricular activities provide students with opportunities to develop skills outside of the classroom, build relationships with peers, and engage in meaningful experiences.",0.8832496,"Cocurricular activities at SASTRA include student clubs organizing the annual intramural cultural festival CARPE DIEM, where students showcase their talents and have the opportunity to join the University cultural team. The clubs meet regularly after working hours to practice, plan, and hone their skills for upcoming events, with a final showdown at the end of each academic year. Various clubs such as Auto Club, Literary Clubs, Oratory & Debating Clubs, and Fine-Arts Club are active at SASTRA.",0.9986753,0.11542568676986698
to which department does padmapriya belongs to? and what are areas of interest of manjula KR,"Click here







Dr. MANJULA KR
Associate Professor
manjulacse.sastra.edu







School School of Computing
Designation Associate Professor
Department CSE
Educational QualificationsMCA., M.Tech., Ph.D
Areas of InterestData Mining, Geo-Spatial Data Mining, Web Mining,GIS & Remote Sensing, Image Processing and Analysis,Spatial Uncertainty,GIS Ontology,Object Oriented Analysis & Design, Object Based Data Modeling,  Sustainable Resources - Green Technology, Big Data Analytics
ORCID URL

Click here







Dr. PRIYADARSINI PLK
Associate Professor
priya.ayyagariit.sastra.eduClick here







Dr. PRIYADARSINI PLK
Associate Professor
priya.ayyagariit.sastra.edu







School School of Computing
Designation Associate Professor
Department IT
Educational QualificationsM.C.A. (SPMVV, Tirupati, AP, 1994)Ph.D  (NIT, Trichy, TN, 2009)
Areas of InterestMachine Learning, Data Analytics, Algorithms, Computational Complexity, Graph Theory, Image Processing
ORCID URL

Click here







Dr. SASIKALA DEVI N
Associate Professor
sasicse.sastra.eduClick here







Dr. KANNAN BALASUBRAMANIAN
Professor
kannanbcse.sastra.edu







School School of Computing
Designation Professor
Department CSE
Educational QualificationsM.Sc. (Tech.) (Birla Institute of Technology and Science,Pilani),  M.Tech (Indian Institute of Technology, Bombay), Ph.D (University of California, Los Angeles)
Areas of InterestCOMPUTER NETWORKS,NETWORK SECURITY,CYBER SECURITY,MACHINE LEARNING
ORCID URL

Click here







Dr. MANJULA KR
Associate Professor
manjulacse.sastra.eduDr. PRABAHARAN L
Asst. Professor - II
prabaharanlmca.sastra.edu







School School of Computing
Designation AP - II
Department MCA
Educational QualificationsMCA,M.Phil.,M.Tech
Areas of InterestMusic Technology, Programming, Mobile Computing
ORCID URL

Click here







Dr. RENUGA DEVI T
Asst. Professor - II
renugadevicse.sastra.edu







School School of Computing
Designation AP - II
Department CSE
Educational QualificationsM.Tech (CSE),PhD
Areas of InterestEnergy Management based virtual Machine scheduling, Optimization techniques, Data structures, Operating systems
ORCID URL","Padmapriya belongs to the School of Computing, Department MCA, based on the provided context.

Dr. Manjula KR's areas of interest include Data Mining, Geo-Spatial Data Mining, Web Mining, GIS & Remote Sensing, Image Processing and Analysis, Spatial Uncertainty, GIS Ontology, Object Oriented Analysis & Design, Object Based Data Modeling, Sustainable Resources - Green Technology, and Big Data Analytics.",0.66083837,"Padmapriya belongs to the Department of IT. The areas of interest of Manjula KR are Data Mining, Geo-Spatial Data Mining, Web Mining, GIS & Remote Sensing, Image Processing, and more.",0.58165675,-0.07918161598312379
what is the email address of betty martin?,"Click here







Dr. BETTY MARTIN
Sr. Asst. Professor
bettymartinece.sastra.edu







School School of Computing
Designation SAP
Department IT
Educational QualificationsPhD: Signal Processing, PG:  M.E in Electronics and Control Engineering, UG:  B.E Electronics and Telecommunication
Areas of Interest1. Detection of Red Palm Weevil in Palms using smart sensors2. Signal Processing in acoustics3. Design and Implementation of PPG sensor for brain mapping using fMRI as Gold Standard4. Coherence Analysis of Electroencephalogram and Photoplethysmogram
ORCID URL

Click hereClick here







Dr. SIVANESAN P
Sr. Asst. Professor
sivanesanict.sastra.edu







School School of Computing
Designation SAP
Department ICT
Educational QualificationsM.E.,Ph.D
Areas of InterestWireless Communications, Mobile Ad hoc Networks, Wireless Sensor Networks and Vehicular Ad hoc Networks
ORCID URL

Click here







Dr. BETTY MARTIN
Sr. Asst. Professor
bettymartinece.sastra.eduYou need JavaScript enabled to view it. 04362/350001 Extn: 2346 26 Finance Office This email address is being protected from spambots. You need JavaScript enabled to view it. 04362/350001 Extn: 2105 27 Guest House This email address is being protected from spambots. You need JavaScript enabled to view it. 04362/350001 Extn: 2712 28 Internal Complaints Committee This email address is being protected from spambots. You need JavaScript enabled to view it. 04362/350018 29 TBI-FIRST This email address is being protected from spambots. You need JavaScript enabled to view it. 04362/350001 Extn: 2776S.No School / Office E.Mail Phone 1 Chancellor's Office This email address is being protected from spambots. You need JavaScript enabled to view it. 04362/350002 2 VC's Office This email address is being protected from spambots. You need JavaScript enabled to view it. 04362/350003 3 Registrar Office This email address is being protected from spambots. You need JavaScript enabled to view it. 04362/350004 4 Vice - Chancellor This email address is being protected from spambots. You need JavaScript enabled to view it. 04362/350003 5 Registrar This email address is being protected from spambots.",The email address of Betty Martin is bettymartin@sastra.edu.,0.09227599,The email address of Betty Martin is bettymartinece.sastra.edu.,0.4179921,0.3257160952184296
